{"id":"23084","title":"Ingresso Inteira para o espet\u00e1culo \"O Grande Encontro - O Musical\" no Teatro Cear\u00e1 Show de R$60 por apenas R$28,40","description":"<b>Validade do cupom:<\/b> exclusivamente para o dia 14\/04\/2019, domingo \u00e0s 20h.\r\n\r\n<b>Classifica\u00e7\u00e3o:<\/b> 12 anos.\r\n\r\nA localiza\u00e7\u00e3o das poltronas \u00e9 conforme ordem de chegada. Ingresso v\u00e1lido para qualquer setor.\r\n\r\n<b>Troca de ingressos:<\/b> devem ser trocados na bilheteria do Cear\u00e1 Show com at\u00e9 1h antes do in\u00edcio do espet\u00e1culo, ultrapassado o prazo sujeito \u00e0 ocupa\u00e7\u00e3o da casa e o cupom ser\u00e1 invalidado.\r\n\r\nLocal do Espet\u00e1culo: Teatro Cear\u00e1 Show (Av da Aboli\u00e7\u00e3o, 2323 - Meireles).","price":"28.4","market_price":"60","category":"Entretenimento","images":[{"url":"https:\/\/static.baratocoletivo.com.br\/2019\/0408\/10019548\/g_procult-teatro-ceara-showc1817a2a95.jpg"},{"url":"https:\/\/static.baratocoletivo.com.br\/2019\/0408\/10019548\/g_procult-teatro-ceara-showfc2fbed515.jpg"}]}