{"id":"23086","title":"Cuide do seu corpo, libere o stress e melhore sua qualidade de vida! Mensalidade de Pilates 2x por semana na Mais Pilates de R$260 por apenas R$190","description":"Atendimento personalizado.\r\n\r\nExclusivo para novos alunos.\r\n\r\n<b>Validade do cupom:<\/b> 15\/05\/2019, de segunda a sexta das 15h \u00e0s 20h (exceto feriados e datas comemorativas).\r\n\r\n<b>Obs:<\/b>  O cupom s\u00f3 poder\u00e1 ser utilizado at\u00e9 a data limite de 15\/05\/2019, ap\u00f3s a data n\u00e3o ter\u00e1 mais validade.\r\n\r\n<b>Agendamento:<\/b> ap\u00f3s a compra, agende imediatamente atrav\u00e9s dos telefones: (85) 99715-8840 \/ (85) 99610-4122   Sujeito a disponibilidade. \r\n\r\nEm caso de desmarca\u00e7\u00e3o, avisar com o m\u00ednimo de 24h de anteced\u00eancia e podendo repor em at\u00e9 7 dias, n\u00e3o realizando o agendamento de reposi\u00e7\u00e3o ser\u00e1 considerado como atendimento realizado. \r\n","price":"190","market_price":"260","category":"Sa\u00fade","images":[{"url":"https:\/\/static.baratocoletivo.com.br\/2019\/0408\/10019534\/g_mais-pilates87735f48f8.jpg"},{"url":"https:\/\/static.baratocoletivo.com.br\/2019\/0408\/10019534\/g_mais-pilateseb9f4291c1.jpg"}]}