{"id":"23097","title":"2 di\u00e1rias em apartamento com ventilador (check in ter\u00e7a ou quarta) para 2 pessoas + caf\u00e9 da manh\u00e3 de R$400 por apenas R$199","description":"A oferta inclui: Di\u00e1rias para 2 adultos + caf\u00e9 da manh\u00e3 na Pousada Brisa Mar a partir de R$199 em at\u00e9 3x sem juros. <b>Escolha a op\u00e7\u00e3o de sua prefer\u00eancia no ato da compra.<\/b>\r\n\r\n<b>Validade do cupom:<\/b> a partir de 01\/05\/2019 at\u00e9 30\/06\/2019, de acordo com a op\u00e7\u00e3o escolhida (exceto feriados e datas comemorativas).\r\n\r\n<b>Agendamento:<\/b> ap\u00f3s a compra, agende imediatamente atrav\u00e9s do telefone: (85) 99940.5525 ou (85) 99681.1122 e confirma\u00e7\u00e3o atrav\u00e9s do e-mail: contato@pousadaemflecheiras.com.br. Sujeito a disponibilidade.\r\n\r\n<b>Caso n\u00e3o efetue a reserva no prazo estabelecido, o cupom ser\u00e1 dado como invalidado.<\/b>\r\n\r\n<b> O check-in \u00e0s 14h e check-out dever\u00e1 ser realizados \u00e0s 12h.<\/b>\r\n\r\nProibido som de carro e entrada de animais no Hotel.","price":"199","market_price":"400","category":"Hot\u00e9is","images":[{"url":"https:\/\/static.baratocoletivo.com.br\/2019\/0409\/10019527\/g_pousada-brisa-mar0ede478c5c.jpg"},{"url":"https:\/\/static.baratocoletivo.com.br\/2019\/0409\/10019527\/g_pousada-brisa-mar40dff60ef3.jpg"},{"url":"https:\/\/static.baratocoletivo.com.br\/2019\/0409\/10019527\/g_pousada-brisa-mare788630a1d.jpg"},{"url":"https:\/\/static.baratocoletivo.com.br\/2019\/0409\/10019527\/g_pousada-brisa-mar2bb846dbb8.jpg"},{"url":"https:\/\/static.baratocoletivo.com.br\/2019\/0409\/10019527\/g_pousada-brisa-mar7b42f3cb27.jpg"},{"url":"https:\/\/static.baratocoletivo.com.br\/2019\/0409\/10019527\/g_pousada-brisa-mar9807383138.jpg"},{"url":"https:\/\/static.baratocoletivo.com.br\/2019\/0409\/10019527\/g_pousada-brisa-mard2fa675a9e.jpg"},{"url":"https:\/\/static.baratocoletivo.com.br\/2019\/0409\/10019527\/g_pousada-brisa-mara89b8091ec.jpg"},{"url":"https:\/\/static.baratocoletivo.com.br\/2019\/0409\/10019527\/g_pousada-brisa-mara071fae905.jpg"}]}