{"id":"23151","title":"Vem conhecer Fortim! 2 di\u00e1rias para 2 adultos + caf\u00e9 da manh\u00e3 na Pousada L\u00e1 Maison Blanche Kitesurf por R$375","description":"A oferta inclui: 2 di\u00e1rias para 2 adultos + caf\u00e9 da manh\u00e3 na Pousada L\u00e1 Maison Blanche Kitesurf por R$375. \r\n\r\n<b>Check in \u00e0s 14h \/ Check out \u00e0s 12h.<\/b>\r\n\r\n<b>Validade do cupom:<\/b> 30\/06\/2019, todos dos dias (exceto feriados e datas comemorativas).\r\n\r\n<b>Agendamento:<\/b> ap\u00f3s a compra, agende imediatamente atrav\u00e9s do e-mail: sousadelima.adv@gmail.com e telefone (88) 99641-0181 (whatsapp). Sujeito a disponibilidade. \r\n\r\nDesmarcar com 14 dias de anteced\u00eancia, caso contr\u00e1rio, o cupom ser\u00e1 dado como utilizado. Ser\u00e1 permitido apenas uma remarca\u00e7\u00e3o, de acordo com a disponibilidade do hotel.\r\n","price":"375","market_price":"440","category":"Hot\u00e9is","images":[{"url":"https:\/\/static.baratocoletivo.com.br\/2019\/0408\/10019531\/g_la-maison-blanche-kitesurf2fec7e0de5.jpg"},{"url":"https:\/\/static.baratocoletivo.com.br\/2019\/0408\/10019531\/g_la-maison-blanche-kitesurfc78a4984c8.jpg"},{"url":"https:\/\/static.baratocoletivo.com.br\/2019\/0408\/10019531\/g_la-maison-blanche-kitesurf420b08a7f3.jpg"},{"url":"https:\/\/static.baratocoletivo.com.br\/2019\/0408\/10019531\/g_la-maison-blanche-kitesurfd4ba74ac89.jpg"},{"url":"https:\/\/static.baratocoletivo.com.br\/2019\/0408\/10019531\/g_la-maison-blanche-kitesurf56bcb2d0d8.jpg"},{"url":"https:\/\/static.baratocoletivo.com.br\/2019\/0408\/10019531\/g_la-maison-blanche-kitesurf858b45735f.jpg"},{"url":"https:\/\/static.baratocoletivo.com.br\/2019\/0408\/10019531\/g_la-maison-blanche-kitesurf52b2717a56.jpg"},{"url":"https:\/\/static.baratocoletivo.com.br\/2019\/0408\/10019531\/g_la-maison-blanche-kitesurfac032b033a.jpg"},{"url":"https:\/\/static.baratocoletivo.com.br\/2019\/0408\/10019531\/g_la-maison-blanche-kitesurf6b0a4a170b.jpg"},{"url":"https:\/\/static.baratocole"}]}