{"id":"23177","title":"1 sess\u00e3o de Limpeza de Pele Profunda + Alta frequ\u00eancia + M\u00e1scara Hidratante + Peeling de Diamante de R$130 por R$89,99","description":"A oferta inclui: Limpeza de Pele Profunda + Alta frequ\u00eancia + Drenagem Linf\u00e1tica Facial + Peeling de Diamante e mais na Cl\u00ednica Magnifiqu\u00e9 - Est\u00e9tica e Bem Estar a partir de R$89,99. <b>Escolha  op\u00e7\u00e3o de prefer\u00eancia no ato da compra.<\/b>\r\n\r\n<b>Validade do cupom:<\/b> 28\/06\/2019, de segunda a sexta das 13h \u00e0s 19h (exceto feriados e datas comemorativas).<\/b>\r\n\r\n<b>Agendamento:<\/b> ap\u00f3s a compra, agende imediatamente atrav\u00e9s dos telefones: (85) 99675.3832 \/ 2181-1843. Sujeito a disponibilidade. \r\n\r\nSer\u00e1 aceita somente 1 remarca\u00e7\u00e3o, com no m\u00ednimo 24h de anteced\u00eancia, sujeito a disponibilidade.\r\n\r\nV\u00e1lido apenas para atendimento feito em consult\u00f3rio.\r\n\r\n\r\n","price":"89.99","market_price":"130","category":"Sa\u00fade","images":[{"url":"https:\/\/static.baratocoletivo.com.br\/2019\/0410\/10019575\/g_clinica-magnifique-estetica-e-bem-estar9388532f37.jpg"},{"url":"https:\/\/static.baratocoletivo.com.br\/2019\/0410\/10019575\/g_clinica-magnifique-estetica-e-bem-estar8c68528438.jpg"},{"url":"https:\/\/static.baratocoletivo.com.br\/2019\/0410\/10019575\/g_clinica-magnifique-estetica-e-bem-estarb782f71e32.jpg"},{"url":"https:\/\/static.baratocoletivo.com.br\/2019\/0410\/10019575\/g_clinica-magnifique-estetica-e-bem-estarfceeee3129.jpg"},{"url":"https:\/\/static.baratocoletivo.com.br\/2019\/0410\/10019575\/g_clinica-magnifique-estetica-e-bem-estar2181ef9691.jpg"},{"url":"https:\/\/static.baratocoletivo.com.br\/2019\/0410\/10019575\/g_clinica-magnifique-estetica-e-bem-estarcc2955c884.jpg"},{"url":"https:\/\/static.baratocoletivo.com.br\/2019\/0410\/10019575\/g_clinica-magnifique-estetica-e-bem-estar452276da50.jpg"}]}