[{"id":"23186","title":"Voc\u00ea no Para\u00edso Canoa Quebrada! 2 di\u00e1rias para 2 adultos + caf\u00e9 da manh\u00e3 de R$600 por apenas R$499 na Hotel e Pousada Tatajuba","description":"Check in \u00e0s 14h \/ Check out \u00e0s 12h.\r\n\r\n<b>Validade do cupom:<\/b> 30\/06\/2019, check in de domingo \u00e0 quarta (exceto feriados e datas comemorativas).\r\n\r\n<b>Agendamento:<\/b> ap\u00f3s a compra, agende imediatamente atrav\u00e9s do e-mail: reservastatajuba@gmail.com e telefone (88) 3421-7401. Sujeito a disponibilidade. \r\n\r\nDesmarcar com 7 dias de anteced\u00eancia, caso contr\u00e1rio, o cupom ser\u00e1 dado como utilizado. \r\n\r\nSer\u00e1 permitido apenas uma remarca\u00e7\u00e3o, de acordo com a disponibilidade do hotel.\r\n\r\n\r\n\r\n","price":"499","market_price":"600","image":{"url":"https:\/\/static.baratocoletivo.com.br\/2019\/0402\/10019408\/g_hotel-e-pousada-tatajuba9992ddb878.jpg"}},{"id":"23185","title":"REL\u00c2MPAGO: 2 di\u00e1rias para 4 adultos e 1 crian\u00e7a em Chal\u00e9 Duplex por apenas R$399 ","description":"A oferta inclui: Di\u00e1rias para at\u00e9 4 adultos e 1 crian\u00e7a em Chal\u00e9 Duplex a partir de R$399 na Pousada Sirius Canoa. <b>Escolha a op\u00e7\u00e3o de sua prefer\u00eancia no ato da compra.<\/b>\r\n\r\n<b>Chal\u00e9 Duplex:<\/b> 02 Su\u00edtes com camas individuais\/casal, ar condicionado e varanda. Sala ampla com TV e banheiro, Cozinha com completa e garagem. \r\n\r\n<b>Para a op\u00e7\u00e3o REL\u00c2MPAGO a validade do cupom \u00e9 EXCLUSIVAMENTE para o final de semana do dia 26 a 28\/04\/2019.<\/b>\r\n\r\n<b>Validade do cupom: 31\/05\/2019, todos os dias (exceto feriados e datas comemorativas).<\/b>\r\n\r\n<b>Agendamento:<\/b> ap\u00f3s a compra, agende imediatamente atrav\u00e9s dos telefones (85) 99117.7414 \/ (88) 99985.2377. Sujeito a disponibilidade.\r\n\r\nN\u00c3O inclui caf\u00e9 da manh\u00e3. Chal\u00e9s com cozinha completa.\r\n\r\nO check out dever\u00e1 ser realizado at\u00e9 12h (meio dia).\r\n\r\nN\u00e3o inclui despesas com o frigobar.\r\n","price":"399","market_price":"399","image":{"url":"https:\/\/static.baratocoletivo.com.br\/2019\/0410\/10019588\/g_pousada-sirius-canoa3effdb397e.jpg"}},{"id":"23179","title":"1 sess\u00e3o de Massagem Relaxante de R$75 por apenas R$31,99","description":"A oferta inclui: Sess\u00f5es de Massagem Relaxante na Cl\u00ednica Magnifiqu\u00e9 - Est\u00e9tica e Bem Estar a partir de R$31,99. <b>Escolha  op\u00e7\u00e3o de prefer\u00eancia no ato da compra.<\/b>\r\n\r\n<b>Validade do cupom:<\/b> 28\/06\/2019, de segunda a sexta das 13h \u00e0s 19h (exceto feriados e datas comemorativas).<\/b>\r\n\r\n<b>Agendamento:<\/b> ap\u00f3s a compra, agende imediatamente atrav\u00e9s dos telefones: (85) 99675.3832 \/ 2181-1843. Sujeito a disponibilidade. \r\n\r\nSer\u00e1 aceita somente 1 remarca\u00e7\u00e3o, com no m\u00ednimo 24h de anteced\u00eancia, sujeito a disponibilidade.\r\n\r\nV\u00e1lido apenas para atendimento feito em consult\u00f3rio.\r\n\r\n\r\n","price":"31.99","market_price":"75","image":{"url":"https:\/\/static.baratocoletivo.com.br\/2019\/0410\/10019577\/g_clinica-magnifique-estetica-e-bem-estar460a856dcf.jpg"}},{"id":"23177","title":"1 sess\u00e3o de Limpeza de Pele Profunda + Alta frequ\u00eancia + M\u00e1scara Hidratante + Peeling de Diamante de R$130 por R$89,99","description":"A oferta inclui: Limpeza de Pele Profunda + Alta frequ\u00eancia + Drenagem Linf\u00e1tica Facial + Peeling de Diamante e mais na Cl\u00ednica Magnifiqu\u00e9 - Est\u00e9tica e Bem Estar a partir de R$89,99. <b>Escolha  op\u00e7\u00e3o de prefer\u00eancia no ato da compra.<\/b>\r\n\r\n<b>Validade do cupom:<\/b> 28\/06\/2019, de segunda a sexta das 13h \u00e0s 19h (exceto feriados e datas comemorativas).<\/b>\r\n\r\n<b>Agendamento:<\/b> ap\u00f3s a compra, agende imediatamente atrav\u00e9s dos telefones: (85) 99675.3832 \/ 2181-1843. Sujeito a disponibilidade. \r\n\r\nSer\u00e1 aceita somente 1 remarca\u00e7\u00e3o, com no m\u00ednimo 24h de anteced\u00eancia, sujeito a disponibilidade.\r\n\r\nV\u00e1lido apenas para atendimento feito em consult\u00f3rio.\r\n\r\n\r\n","price":"89.99","market_price":"130","image":{"url":"https:\/\/static.baratocoletivo.com.br\/2019\/0410\/10019575\/g_clinica-magnifique-estetica-e-bem-estar9388532f37.jpg"}},{"id":"23171","title":"Aproveite com a sua fam\u00edlia o FERIADO DA SEMANA SANTA no iPark! Ingresso de entrada (Museu da Cacha\u00e7a, Slackline, mini-fazenda) + programa\u00e7\u00e3o especial de p\u00e1scoa, incluso o ESPET\u00c1CULO \u201cA PAIX\u00c3O DE CRISTO\u201d + Passeio de Pedalinho de R$39 por apenas R$19,50","description":"A oferta inclui: 1 ingresso de entrada no iPark + Programa\u00e7\u00e3o especial de p\u00e1scoa + 1 passeio de pedalinho no lago, e ainda visita guiada ao Museu da Cacha\u00e7a e ao maior tonel de cacha\u00e7a registrado no Guinness Book em 2003 + visita a casa de engenho para conhecer o processo de produ\u00e7\u00e3o do alfenim e rapadura + passeio de jardineira + banho de piscina de pedra (\u00e1gua natural) + slackline + mini-fazenda + red\u00e1rio + 1 dose de cacha\u00e7a para os maiores de 18 de R$39 por apenas R$19,50.\r\n\r\n<b>Programa\u00e7\u00e3o especial de p\u00e1scoa:<\/b>\r\n\r\n9h \u00e0s 16:30 - Pintura Facial.\r\n\r\n9h \u00e0s 16:30 - Oficina de orelhas de coelho.\r\n\r\n11:30 - Conta\u00e7\u00e3o de hist\u00f3ria com o Tio Lel\u00e9.\r\n\r\n14h - Ca\u00e7a aos ovos de p\u00e1scoa.\r\n\r\n15h \u2013 Espet\u00e1culo \u201cA Paix\u00e3o de Cristo\u201d.\r\n\r\n<b>O espet\u00e1culo \u201cA Paix\u00e3o de Cristo\u201d ser\u00e1 exibido no dia 21 de abril.<\/b>\r\n\r\n<b>Validade do cupom:<\/b> exclusivamente para os dias 19, 20 e 21\/04\/2019, das 9h \u00e0s 17h.\r\n\r\n<b>Agendamento:<\/b> n\u00e3o \u00e9 necess\u00e1rio reservar, mas deve-se considerar a capacidade do local. Sujeito a disponibilidade.\r\n\r\n<b>Obrigat\u00f3ria apresenta\u00e7\u00e3o do cupom IMPRESSO ou DIGITAL e documento de identidade do titular na bilheteria de entrada do iPark para recebimento da pulseira da promo\u00e7\u00e3o Barato Coletivo. A n\u00e3o apresenta\u00e7\u00e3o do cupom na entrada do parque implicar\u00e1 na cobran\u00e7a regular do ingresso.<\/b>\r\n\r\n<b>Restri\u00e7\u00f5es:<\/b> a atividade do Pedalinho para crian\u00e7a menor de 1,30m somente com respons\u00e1vel (pagante) e a partir de 15kg.\r\n\r\n\u00c9 recomend\u00e1vel o uso de roupas esportivas.\r\n\r\n\u00c9 imprescind\u00edvel seguir todas as regras de seguran\u00e7a do parque.\r\n\r\nRestaurante e tapiocaria no local. Almo\u00e7o self-service no restaurante servido de 12h \u00e0s 15h.","price":"19.5","market_price":"39","image":{"url":"https:\/\/static.baratocoletivo.com.br\/2019\/0410\/10019574\/g_ipark89ed973e9f.jpg"}},{"id":"23166","title":"Anivers\u00e1rio da Holliday Viagens! Passeio completo para Natal! Transporte + Hospedagem para 2 pessoas e 1 crian\u00e7a + City tour em Natal por R$339,90. Entrada de R$89,90 + 1x de R$250","description":"A oferta inclui: Pacote de viagem para Natal completo com a Holliday Viagens! Transporte Fortaleza\/Natal\/Fortaleza + Hospedagem para Casal ou 2 pessoas com 01 Crian\u00e7a de at\u00e9 04 anos + City tour + Passeios (Aqu\u00e1rio de Natal), Centro de lan\u00e7amento de Foguetes, Maior Cajueiro do Mundo, Praia de Ponta Negra, Praia de Pirangi e Praia de Genipabu por apenas R$339,90\r\n\r\n<b>Validade do cupom:<\/b> 20\/12\/2019, de sexta a domingo (exceto feriados e datas comemorativas).\r\n\r\n<b> O Cupom poder\u00e1 ser utilizado no m\u00eas de Julho viajando de (segunda a quarta) ou (quarta a sexta). Sujeito a disponibilidade.<\/b>\r\n\r\n<b>Hor\u00e1rios:<\/b> O \u00f4nibus sair\u00e1 da Avenida Treze de Maio, na pra\u00e7a da Igreja de F\u00e1tima, \u00e0s sextas-feiras. Hor\u00e1rio previsto de sa\u00edda \u00e0s 21h retornando no domingo \u00e0s 14h. Aproximadamente 8 horas de viagem.\r\n\r\nHospedagem na Pousada Economy Suites ou similar de acordo com disponibilidade. Check-in \u00e0s 14h do s\u00e1bado e Check-out \u00e0s 12h do domingo. A hospedagem n\u00e3o inclui caf\u00e9 da manh\u00e3.\r\n\r\n<b>A reserva deve ser realizada imediatamente ap\u00f3s a confirma\u00e7\u00e3o de pagamento, atrav\u00e9s do e-mail hollidayviagensetur@gmail.com. Dever\u00e1 contar no assunto \"Reserva Natal-RN\" e no contendo informar o c\u00f3digo do cupom da oferta, nome completo dos viajantes, CPF, RG, data de nascimento, e-mail e telefone para contato e data ao qual deseja viajar. Sujeito a disponibilidade.<\/b>\r\n\r\n<b>Forma de pagamento:<\/b> p\/ 2 pessoas: entrada de R$89,90 no site Barato Coletivo (cart\u00e3o de cr\u00e9dito ou boleto) + 1x R$ 250. A parcela de R$ 250 dever\u00e1 ser paga a agencia em at\u00e9 10 dias antes da data da viagem agendada, atrav\u00e9s de dep\u00f3sito banc\u00e1rio em conta informada no processo de reserva.\r\n\r\nCaso queira viajar sozinho, a forma de pagamento ser\u00e1: entrada de R$89,90 no site Barato Coletivo + 1x R$ 175. A parcela de R$ 175 dever\u00e1 ser paga a agencia em at\u00e9 10 dias antes da data da viagem agendada, atrav\u00e9s de deposito banc\u00e1rio em conta informada no processo de reserva.\r\n\r\nGratuidade para uma crian\u00e7a de at\u00e9 4 anos transportada no colo.\r\n\r\nA Holliday Viagens realiza um passeio tamb\u00e9m ao Maior Cajueiro do Mundo e ao Aqu\u00e1rio de Natal. As entradas para os passeio s\u00e3o: Aqu\u00e1rio (R$30 por pessoa) e o Maior Cajueiro (R$8 por pessoa). Ambos aceitam meia entrada com a carteirinha de estudante.\r\n\r\nInforma\u00e7\u00f5es: (85) 3229-2085 \/ (85) 98838-2173 (Whatsapp). Hor\u00e1rio de Atendimento de Seg a Sex das 10h \u00e0s 17h.\r\n \r\nA oferta n\u00e3o inclui gastos extras (alimenta\u00e7\u00f5es, despesas do frigobar e ingressos para entrar em pontos tur\u00edsticos e realizar passeios na cidade).\r\n \r\nAs ofertas e promo\u00e7\u00f5es s\u00e3o v\u00e1lidas enquanto houver lugares dispon\u00edveis ou at\u00e9 atingirem o limite m\u00e1ximo de cupons da oferta. N\u00e3o nos responsabilizamos pelo fato da oferta j\u00e1 ter expirado ou esgotado no momento em que o usu\u00e1rio acessar nosso website.\r\n\r\n<b>Caso a compra seja realizada e n\u00e3o haja mais disponibilidade para o pacote da viagem, o valor ser\u00e1 estornado pelo Barato Coletivo.<\/b>","price":"89.9","market_price":"339.9","image":{"url":"https:\/\/static.baratocoletivo.com.br\/2019\/0409\/10019376\/g_-holliday-viagens-e-turismo27e0537de2.jpg"}},{"id":"23165","title":"Para voc\u00ea curtir Jo\u00e3o Pessoa! Anivers\u00e1rio Holliday Viagens! Transporte ida e volta + Hospedagem para casal e 1 crian\u00e7a + caf\u00e9 da manh\u00e3 + City tour por apenas R$399,90. Entrada de R$149,90 + 1x de R$250","description":"A oferta inclui: Aniversario Holliday Viagens: Final de semana em Jo\u00e3o Pessoa - PB com Transporte Fortaleza\/Jo\u00e3o Pessoa\/Fortaleza + Hospedagem para Casal ou 2 pessoas com 01 Crian\u00e7a de at\u00e9 04 anos + Caf\u00e9 da Manh\u00e3 + City tour no Farol do cabo branco, Parque Solon de Lucena, Centro Hist\u00f3rico, p\u00f4r do sol na Praia do Jacar\u00e9 com Bolero de Ravel e Praia de Tamba\u00fa com a Holliday Viagens e Turismo por apenas R$399,90.\r\n\r\n<b>O cupom \u00e9 v\u00e1lido para todos os finais de semana at\u00e9 20\/12\/2019, exceto feriados e datas comemorativas. Consultar disponibilidade de datas antes de efetuar a compra. <\/b> \r\n\r\n<b>Hospedagem no Guarany Hotel ou similar de acordo com disponibilidade.<\/b> \r\n\r\nO \u00f4nibus sai da Pra\u00e7a da Igreja de F\u00e1tima na 13 de Maio na sexta-feira \u00e0s 18:00 e retorna no domingo \u00e0s 13:00 (hor\u00e1rio de sa\u00edda de Porto de Galinhas).\r\n\r\n<b>A reserva deve ser realizada imediatamente ap\u00f3s a confirma\u00e7\u00e3o de pagamento, atrav\u00e9s do e-mail hollidayviagensetur@gmail.com. Dever\u00e1 contar no assunto \"Jo\u00e3o Pessoa\" e no contendo informar o c\u00f3digo do cupom da oferta, nome completo dos viajantes, CPF, RG, data de nascimento, e-mail e telefone para contato e data ao qual deseja viajar. Sujeito a disponibilidade.<\/b>\r\n\r\nRemarca\u00e7\u00f5es, cancelamentos e altera\u00e7\u00f5es s\u00e3o aceitos com at\u00e9 15 dias antes da data da viagem. O cliente estar\u00e1 sujeito a cobran\u00e7a de multas de 20% em cima do valor total do pacote.\r\n\r\n<b>Forma de pagamento:<\/b> p\/ 2 pessoas: entrada de R$149,90 no site Barato Coletivo (cart\u00e3o de cr\u00e9dito ou boleto) + 1x R$ 250. A parcela de R$250, dever\u00e1 ser paga a agencia em at\u00e9 10 dias antes da data da viagem agendada, atrav\u00e9s de deposito banc\u00e1rio em conta informada no processo de reserva.\r\n \r\nCaso queira viajar sozinho, a forma de pagamento ser\u00e1: entrada de R$149,90 no site Barato Coletivo + 1x R$175. A parcela de R$175 dever\u00e1 ser paga a agencia em at\u00e9 10 dias antes da data da viagem agendada, atrav\u00e9s de deposito banc\u00e1rio em conta informada no processo de reserva.\r\n\r\nGratuidade para uma crian\u00e7a de at\u00e9 4 anos transportada no colo.\r\n\r\nInforma\u00e7\u00f5es: (85) 3229-2085 \/ (85) 98838-2173 (Whatsapp). Hor\u00e1rio de Atendimento de Seg a Sex das 10h \u00e0s 17h.\r\n \r\nA oferta n\u00e3o inclui gastos extras (alimenta\u00e7\u00f5es, despesas do frigobar e ingressos para entrar em pontos tur\u00edsticos e realizar passeios na cidade).\r\n \r\nAs ofertas e promo\u00e7\u00f5es s\u00e3o v\u00e1lidas enquanto houver lugares dispon\u00edveis ou at\u00e9 atingirem o limite m\u00e1ximo de cupons da oferta. N\u00e3o nos responsabilizamos pelo fato da oferta j\u00e1 ter expirado ou esgotado no momento em que o usu\u00e1rio acessar nosso website.\r\n\r\n<b>Caso a compra seja realizada e n\u00e3o haja mais disponibilidade para o pacote da viagem, o valor ser\u00e1 estornado pelo Barato Coletivo.<\/b>\r\n\r\n","price":"149.9","market_price":"399.9","image":{"url":"https:\/\/static.baratocoletivo.com.br\/2019\/0409\/10019375\/g_-holliday-viagens-e-turismo2c515cd8d3.jpg"}},{"id":"23164","title":"Voc\u00ea em Porto de Galinhas no anivers\u00e1rio Holliday Viagens! Pacote para 2 pessoas com Transporte + Hospedagem com caf\u00e9 por R$459,90. Entrada de R$209,90 + 1x de R$250","description":"A oferta inclui: Pacote para 2 pessoas com transporte FORTALEZA\/ PORTO DE GALINHAS\/FORTALEZA + Hospedagem com caf\u00e9 da manh\u00e3 + Servi\u00e7o de bordo + Passeios opcionais na Praia de Carneiros ou Maragogi-AL na Holliday Viagens e Turismo de R$1.349 por apenas R$459,90.\r\n\r\n<b>Validade do cupom:<\/b> 20\/12\/2019, exceto feriados e datas comemorativas. Consultar disponibilidade de datas antes de efetuar a compra.<\/b>\r\n\r\nO \u00f4nibus sai da Pra\u00e7a da Igreja de F\u00e1tima na 13 de Maio na sexta-feira \u00e0s 18:00 e retorna no domingo \u00e0s 13:00 (hor\u00e1rio de sa\u00edda de Porto de Galinhas).\r\n\r\n<b>Hospedagem na Pousada Esperan\u00e7a ou similar de mesma categoria de acordo com disponibilidade. Check-in 14h e Check-out 12h.<\/b>\r\n\r\n<b>A reserva deve ser realizada imediatamente ap\u00f3s a confirma\u00e7\u00e3o de pagamento, atrav\u00e9s do e-mail hollidayviagensetur@gmail.com. Dever\u00e1 contar no assunto \"Reserva Porto de Galinhas\" e no contendo informar o c\u00f3digo do cupom da oferta, nome completo dos viajantes, CPF, RG, data de nascimento, e-mail e telefone para contato e data ao qual deseja viajar. Sujeito a disponibilidade.<\/b>\r\n\r\n<b>Forma de pagamento:<\/b> p\/ 2 pessoas: entrada de R$209,90 no site Barato Coletivo (cart\u00e3o de cr\u00e9dito ou dep\u00f3sito banc\u00e1rio) + 1x R$250. A parcela de R$250, dever\u00e1 ser paga a agencia em at\u00e9 10 dias antes da data da viagem agendada, atrav\u00e9s de deposito banc\u00e1rio em conta informada no processo de reserva.\r\n \r\nCaso queira viajar sozinho, a forma de pagamento ser\u00e1: entrada de R$209,90 no site Barato Coletivo + 1x R$175. A parcela de R$175 dever\u00e1 ser paga a agencia em at\u00e9 10 dias antes da data da viagem agendada, atrav\u00e9s de deposito banc\u00e1rio em conta informada no processo de reserva.\r\n\r\nGratuidade para uma crian\u00e7a de at\u00e9 4 anos transportada no colo.\r\n \r\nRemarca\u00e7\u00f5es, cancelamentos e altera\u00e7\u00f5es s\u00e3o aceitos com at\u00e9 15 dias antes da data da viagem. O cliente estar\u00e1 sujeito a cobran\u00e7a de multas de 20% em cima do valor total do pacote.\r\n\r\nO passeio para Praia de Carneiros e Maragogi-AL assim como demais passeios na cidade s\u00e3o opcionais e o valor n\u00e3o est\u00e1 incluso no pacote da viagem. Passeio para Maragogi-AL \u00e9 sujeito a disponibilidade de acordo com a mar\u00e9.\r\n\r\nInforma\u00e7\u00f5es: (85) 3229-2085 \/ (85) 98838-2173 (Whatsapp)\r\n \r\nA oferta n\u00e3o inclui gastos extras (alimenta\u00e7\u00f5es, despesas do frigobar e ingressos para entrar em pontos tur\u00edsticos e realizar passeios na cidade).\r\n \r\nAs ofertas e promo\u00e7\u00f5es s\u00e3o v\u00e1lidas enquanto houver lugares dispon\u00edveis ou at\u00e9 atingirem o limite m\u00e1ximo de cupons da oferta. N\u00e3o nos responsabilizamos pelo fato da oferta j\u00e1 ter expirado ou esgotado no momento em que o usu\u00e1rio acessar nosso website.\r\n\r\n<b>Caso a compra seja realizada e n\u00e3o haja mais disponibilidade para o pacote da viagem, o valor ser\u00e1 estornado pelo Barato Coletivo.<\/b>\r\n\r\n","price":"209.9","market_price":"459.9","image":{"url":"https:\/\/static.baratocoletivo.com.br\/2019\/0409\/10019374\/g_-holliday-viagens-e-turismo7792b918cb.jpg"}},{"id":"23151","title":"Vem conhecer Fortim! 2 di\u00e1rias para 2 adultos + caf\u00e9 da manh\u00e3 na Pousada L\u00e1 Maison Blanche Kitesurf por R$375","description":"A oferta inclui: 2 di\u00e1rias para 2 adultos + caf\u00e9 da manh\u00e3 na Pousada L\u00e1 Maison Blanche Kitesurf por R$375. \r\n\r\n<b>Check in \u00e0s 14h \/ Check out \u00e0s 12h.<\/b>\r\n\r\n<b>Validade do cupom:<\/b> 30\/06\/2019, todos dos dias (exceto feriados e datas comemorativas).\r\n\r\n<b>Agendamento:<\/b> ap\u00f3s a compra, agende imediatamente atrav\u00e9s do e-mail: sousadelima.adv@gmail.com e telefone (88) 99641-0181 (whatsapp). Sujeito a disponibilidade. \r\n\r\nDesmarcar com 14 dias de anteced\u00eancia, caso contr\u00e1rio, o cupom ser\u00e1 dado como utilizado. Ser\u00e1 permitido apenas uma remarca\u00e7\u00e3o, de acordo com a disponibilidade do hotel.\r\n","price":"375","market_price":"440","image":{"url":"https:\/\/static.baratocoletivo.com.br\/2019\/0408\/10019531\/g_la-maison-blanche-kitesurf2fec7e0de5.jpg"}},{"id":"23150","title":"Voc\u00ea merece se divertir! Ingresso Inteira para o \"Ora, Pois!\" de R$30 por R$12,50 no Teatro do Humor & Cultura Cearense.","description":"A oferta inclui: Ingresso Inteira para o \"Ora, Pois!\" de R$30 por R$12,50 no Teatro do Humor & Cultura Cearense.\r\n\r\n<b>Elenco:<\/b> <b>LC Galeto, Erich Cardonha e Jardeson Cavalcante.<\/b> \r\n\r\n<b>O cupom \u00e9 v\u00e1lido exclusivamente dia 15\/04 \u00e0s 19h30.<\/b> \r\n\r\n<b>Os ingressos devem ser trocados na bilheteria do Teatro do Humor Cearense at\u00e9 1h antes do espet\u00e1culo, caso contr\u00e1rio, o cupom ser\u00e1 invalidado.<\/b>\r\n\r\n<b>Informa\u00e7\u00f5es:<\/b> (85) 98811.2466\r\n\r\nClassifica\u00e7\u00e3o: 14 anos.","price":"12.5","market_price":"30","image":{"url":"https:\/\/static.baratocoletivo.com.br\/2019\/0410\/10019573\/g_teatro-do-humor-e-cultura-cearense7f7f2b5ea2.jpg"}},{"id":"23144","title":"50 Mini Brownies embalados em celofane por apenas R$49,90","description":"A oferta inclui: 50 Mini Brownies ou 50 Bem Casados na Del\u00edcias da Hel\u00f4 a partir de R$49,90. <b> Escolha a op\u00e7\u00e3o de sua prefer\u00eancia no ato da compra.<\/b>\r\n\r\n<b>Validade do cupom:<\/b> 31\/05\/2019, de ter\u00e7a a s\u00e1bado das 8h \u00e0s 18h (exceto feriados e datas comemorativas).<\/b>\r\n\r\n<b>Agendamento:<\/b> <b>Agendamento:<\/b> ap\u00f3s a compra, agende imediatamente atrav\u00e9s dos telefones: (85) 3037.7055 \/ (85) 98601.8687. Sujeito a disponibilidade. \r\n\r\n<b>V\u00e1lido apenas para retirada no local.<\/b>\r\n\r\n","price":"49.9","market_price":"49.9","image":{"url":"https:\/\/static.baratocoletivo.com.br\/2019\/0409\/10019568\/g_delicias-da-hel00dc3b356b.jpg"}},{"id":"23138","title":"01 Ingresso Inteira Cinema Sala Tradicional 2D - valendo de segunda a quinta de R$22 por R$13,90","description":"A oferta inclui: Ingresso Inteira Cinema RioMar Fortaleza, Kennedy ou North Shopping J\u00f3quei com a Cin\u00e9polis e o Barato por apenas R$13,90. <b>Escolha a op\u00e7\u00e3o de sua prefer\u00eancia no ato da compra.<\/b>\r\n\r\n<b>Validade:<\/b> 30 dias ap\u00f3s a aprova\u00e7\u00e3o do pagamento, de acordo com a op\u00e7\u00e3o escolhida. Inclui feriados e datas comemorativas.<\/b>\r\n\r\n<b>Obs: cupom n\u00e3o reembols\u00e1vel.<\/b>\r\n\r\n<b>Troca dos ingressos:<\/b> ap\u00f3s a compra, troque este cupom na bilheteria do Cinema RioMar Fortaleza, Kennedy ou North Shopping J\u00f3quei por um ingresso e aproveite todos os diferenciais que s\u00f3 a Cin\u00e9polis pode oferecer.\r\n\r\n<b>Restri\u00e7\u00f5es:<\/b> n\u00e3o \u00e9 v\u00e1lido para sess\u00f5es especiais, como eventos esportivos, transmiss\u00f5es ao vivo, \u00f3peras e outros. N\u00e3o \u00e9 v\u00e1lido para filmes 3D (em qualquer uma das salas). Consulte regulamento nos cinemas. ","price":"13.9","market_price":"22","image":{"url":"https:\/\/static.baratocoletivo.com.br\/2019\/0408\/10019540\/g_cinepolis-fortaleza57455174d3.jpg"}},{"id":"23121","title":"Nhoque \u00e0 Bolonhesa para 2 pessoas + 2 Pulseiras Piscina de R$120 por apenas R$59,90","description":"A oferta inclui: Nhoque \u00e0 Bolonhesa, Spaghetti com Atum, Moqueca de Arraia ou Filet de Peixe a Belle Muniere para 2 pessoas + 2 Pulseira Piscina no La Su\u00edte Praia Hotel por apenas R$59,90. <b> Escolha a op\u00e7\u00e3o de sua prefer\u00eancia no ato da compra.<\/b>\r\n\r\n<b>Validade do cupom:<\/b> 30 dias ap\u00f3s a aprova\u00e7\u00e3o do pagamento, de segunda a s\u00e1bado das 9h:30 \u00e0s 20h:30 (exceto feriados e datas comemorativas).<\/b>\r\n\r\n<b>Agendamento:<\/b> ap\u00f3s a compra, agende imediatamente atrav\u00e9s do telefone: (85) 99202-2626 (whatsapp) ou lasuite.pachecopraia@outlook.com e trazer o cupom IMPRESSO na data agendada. Sujeito a disponibilidade.\r\n\r\n<b>Pulseira extra:<\/b>: R$15,00 - crian\u00e7a\/ R$20,00 - adulto.\r\n\r\nA taxa de servi\u00e7o (10%) \u00e9 opcional e n\u00e3o est\u00e1 inclusa.","price":"59.9","market_price":"120","image":{"url":"https:\/\/static.baratocoletivo.com.br\/2019\/0405\/10019492\/g_la-suite-praia-hotel-14468e8404.jpg"}},{"id":"23111","title":"Peixe \u00e0 Del\u00edcia para at\u00e9 2 pessoas de R$65 por apenas R$49,90","description":"A oferta inclui: A oferta inclui: Camar\u00e3o Cremoso, Arroz de Carne de Sol, Peixe \u00e0 Del\u00edcia, Fil\u00e9 \u00e0 Parmeggiana, Arrumadinho de Carne de Sol, Picanha e Peixe \u00e0 Belle Meuni\u00e8re para at\u00e9 3 pessoas a partir de R$49,90 no Dez17 Lounge. <b>Escolha a op\u00e7\u00e3o de sua prefer\u00eancia no ato da compra.<\/b>\r\n\r\n<b>Peixe \u00e0 Del\u00edcia:<\/b> Peixe branco, banana, molho branco, pur\u00ea de batata e arroz branco.\r\n\r\n<b>Fil\u00e9 \u00e0 Parmeggiana:<\/b> Filet mignon \u00e0 milanesa gratinado acompanhado de fettutine ao molho de tomate.\r\n\r\n<b>Arrumadinho de Carne de Sol:<\/b> 400 gramas de Carne de Sol refogada na manteiga e cebola, bai\u00e3o de dois e farofa de banana.\r\n\r\n<b> Picanha Dez17:<\/b> 400 gramas de Picanha importada grelhada, bai\u00e3o de dois e macaxeira frita.\r\n\r\n<b>Peixe \u00e0 Belle Meuni\u00e8re:<\/b> 400 gramas de peixe branco e camar\u00e3o puxados na manteiga e alcaparras, acompanha chips de batata doce e arroz de alho.\r\n\r\n<b>Arroz de Carne de Sol:<\/b> Carne de sol desfiada gratinada, arroz de leite com cubos de queijo coalho.\r\n\r\n<b>Camar\u00e3o Cremoso:<\/b> Camar\u00e3o gratinado com arroz, requeij\u00e3o, presunto e batata palha.\r\n\r\n<b>Validade do cupom:<\/b> 30\/06\/2019<\/b> domingo, ter\u00e7a, quarta e quinta para jantar, das 18h \u00e0s 23h30, e sexta ou domingo para almo\u00e7o, das 11h \u00e0s 15h (exceto feriados locais, nacionais e datas comemorativas).\r\n\r\n<b>Agendamento:<\/b> n\u00e3o \u00e9 necess\u00e1rio reservar, mas deve-se considerar a capacidade do local. Sujeito a disponibilidade.\r\n\r\n<b>V\u00e1lido apenas para consumo no local. N\u00e3o \u00e9 v\u00e1lido para delivery ou viagem (balc\u00e3o).<\/b>\r\n\r\n<b> A casa cobra taxa de servi\u00e7o. <\/b> \r\n","price":"49.9","market_price":"65","image":{"url":"https:\/\/static.baratocoletivo.com.br\/2019\/0408\/10019539\/g_dez-17-lounge-82e117c84c.jpg"}},{"id":"23110","title":"A feijoada mais gostosa de Fortaleza \u00e9 no Dez17 Lounge! Buffet completo de Feijoada a vontade para 1 pessoa de R$36 por apenas R$29,90. Sirva-se quantas vezes quiser! ","description":"<b>Validade do cupom:<\/b> 29\/06\/2019, somente aos s\u00e1bado de 12h at\u00e9 15h.<\/b>\r\n\r\nNa programa\u00e7\u00e3o musical aos s\u00e1bados tem samba a partir das 13h. Ser\u00e1 cobrado couvert no valor de R$7.\r\n\r\n<b>Agendamento:<\/b> n\u00e3o \u00e9 necess\u00e1rio, mas deve-se considerar a capacidade do local. Sujeito a disponibilidade.\r\n\r\n<b>V\u00e1lido apenas para consumo no local.<\/b>","price":"29","market_price":"36","image":{"url":"https:\/\/static.baratocoletivo.com.br\/2019\/0408\/10019538\/g_dez-17-lounge-48b4f94677.jpg"}},{"id":"23097","title":"2 di\u00e1rias em apartamento com ventilador (check in ter\u00e7a ou quarta) para 2 pessoas + caf\u00e9 da manh\u00e3 de R$400 por apenas R$199","description":"A oferta inclui: Di\u00e1rias para 2 adultos + caf\u00e9 da manh\u00e3 na Pousada Brisa Mar a partir de R$199 em at\u00e9 3x sem juros. <b>Escolha a op\u00e7\u00e3o de sua prefer\u00eancia no ato da compra.<\/b>\r\n\r\n<b>Validade do cupom:<\/b> a partir de 01\/05\/2019 at\u00e9 30\/06\/2019, de acordo com a op\u00e7\u00e3o escolhida (exceto feriados e datas comemorativas).\r\n\r\n<b>Agendamento:<\/b> ap\u00f3s a compra, agende imediatamente atrav\u00e9s do telefone: (85) 99940.5525 ou (85) 99681.1122 e confirma\u00e7\u00e3o atrav\u00e9s do e-mail: contato@pousadaemflecheiras.com.br. Sujeito a disponibilidade.\r\n\r\n<b>Caso n\u00e3o efetue a reserva no prazo estabelecido, o cupom ser\u00e1 dado como invalidado.<\/b>\r\n\r\n<b> O check-in \u00e0s 14h e check-out dever\u00e1 ser realizados \u00e0s 12h.<\/b>\r\n\r\nProibido som de carro e entrada de animais no Hotel.","price":"199","market_price":"400","image":{"url":"https:\/\/static.baratocoletivo.com.br\/2019\/0409\/10019527\/g_pousada-brisa-mar0ede478c5c.jpg"}},{"id":"23086","title":"Cuide do seu corpo, libere o stress e melhore sua qualidade de vida! Mensalidade de Pilates 2x por semana na Mais Pilates de R$260 por apenas R$190","description":"Atendimento personalizado.\r\n\r\nExclusivo para novos alunos.\r\n\r\n<b>Validade do cupom:<\/b> 15\/05\/2019, de segunda a sexta das 15h \u00e0s 20h (exceto feriados e datas comemorativas).\r\n\r\n<b>Obs:<\/b>  O cupom s\u00f3 poder\u00e1 ser utilizado at\u00e9 a data limite de 15\/05\/2019, ap\u00f3s a data n\u00e3o ter\u00e1 mais validade.\r\n\r\n<b>Agendamento:<\/b> ap\u00f3s a compra, agende imediatamente atrav\u00e9s dos telefones: (85) 99715-8840 \/ (85) 99610-4122   Sujeito a disponibilidade. \r\n\r\nEm caso de desmarca\u00e7\u00e3o, avisar com o m\u00ednimo de 24h de anteced\u00eancia e podendo repor em at\u00e9 7 dias, n\u00e3o realizando o agendamento de reposi\u00e7\u00e3o ser\u00e1 considerado como atendimento realizado. \r\n","price":"190","market_price":"260","image":{"url":"https:\/\/static.baratocoletivo.com.br\/2019\/0408\/10019534\/g_mais-pilates87735f48f8.jpg"}},{"id":"23085","title":"Ingresso Inteira para o espet\u00e1culo \"Felipe Adjafre - Releituras\" no Teatro Cear\u00e1 Show de R$60 por apenas R$28,40","description":"<b>Validade do cupom:<\/b> exclusivamente para o dia 24\/04\/2019, quarta \u00e0s 20h.\r\n\r\n<b>Classifica\u00e7\u00e3o:<\/b> 12 anos.\r\n\r\nA localiza\u00e7\u00e3o das poltronas \u00e9 conforme ordem de chegada. Ingresso v\u00e1lido para qualquer setor.\r\n\r\n<b>Troca de ingressos:<\/b> devem ser trocados na bilheteria do Cear\u00e1 Show com at\u00e9 1h antes do in\u00edcio do espet\u00e1culo, ultrapassado o prazo sujeito \u00e0 ocupa\u00e7\u00e3o da casa e o cupom ser\u00e1 invalidado.\r\n\r\nLocal do Espet\u00e1culo: Teatro Cear\u00e1 Show (Av da Aboli\u00e7\u00e3o, 2323 - Meireles).","price":"28.4","market_price":"60","image":{"url":"https:\/\/static.baratocoletivo.com.br\/2019\/0408\/10019549\/g_procult-teatro-ceara-show5e9ad9de3c.jpg"}},{"id":"23084","title":"Ingresso Inteira para o espet\u00e1culo \"O Grande Encontro - O Musical\" no Teatro Cear\u00e1 Show de R$60 por apenas R$28,40","description":"<b>Validade do cupom:<\/b> exclusivamente para o dia 14\/04\/2019, domingo \u00e0s 20h.\r\n\r\n<b>Classifica\u00e7\u00e3o:<\/b> 12 anos.\r\n\r\nA localiza\u00e7\u00e3o das poltronas \u00e9 conforme ordem de chegada. Ingresso v\u00e1lido para qualquer setor.\r\n\r\n<b>Troca de ingressos:<\/b> devem ser trocados na bilheteria do Cear\u00e1 Show com at\u00e9 1h antes do in\u00edcio do espet\u00e1culo, ultrapassado o prazo sujeito \u00e0 ocupa\u00e7\u00e3o da casa e o cupom ser\u00e1 invalidado.\r\n\r\nLocal do Espet\u00e1culo: Teatro Cear\u00e1 Show (Av da Aboli\u00e7\u00e3o, 2323 - Meireles).","price":"28.4","market_price":"60","image":{"url":"https:\/\/static.baratocoletivo.com.br\/2019\/0408\/10019548\/g_procult-teatro-ceara-showc1817a2a95.jpg"}},{"id":"23083","title":"Pacote com 2 di\u00e1rias em Su\u00edte Standard Jardim para 2 adultos e 1 crian\u00e7a de at\u00e9 5 anos + caf\u00e9 da manh\u00e3 e almo\u00e7o por apenas R$850","description":"A oferta inclui: Di\u00e1rias para 2 adultos e 1 crian\u00e7a + caf\u00e9 + almo\u00e7o no Hotel Santu\u00e1rio das \u00c1guias a partir de R$850. <b>Escolha a op\u00e7\u00e3o d prefer\u00eancia no ato de sua compra.<\/b>\r\n\r\nObs: <b> No pacote est\u00e1 incluso almo\u00e7o de frutos do mar para a sexta,19\/04. Somente esse dia.<\/b>\r\n\r\n<b>Validade do cupom:<\/b> 21\/04\/2019, exclusivamente para o feriado semana santa.\r\n\r\nObs: Aceitamos pet mediante disponibilidade consulte os valores diretamente com o Santu\u00e1rio das \u00c1guias\r\n\r\n<b>Agendamento:<\/b> ap\u00f3s a compra, agende imediatamente dos telefones (85) 3535-3510 \/ Whatsapp: (85) 9 9165.9803 ou e-mail reservas@hotelsantuariodasaguias.com.br. Sujeito a disponibilidade.<\/b>","price":"850","market_price":"850","image":{"url":"https:\/\/static.baratocoletivo.com.br\/2019\/0408\/10019551\/g_hotel-santuario-das-guiasbb35073ed9.jpg"}},{"id":"23077","title":"Ingresso Inteira Sala 2D Cinematicket de segunda a quarta de R$23 por apenas R$14,90","description":"A oferta inclui: Ingresso Inteira Cinematicket para as redes UCI, UCI Kinoplex e UCI Orient de todo o Brasil a partir de R$14,90. Compre e escolha a sua cadeira abaixo!\r\n\r\n<b>Validade do cupom:<\/b> 30 dia ap\u00f3s a aprova\u00e7\u00e3o do pagamento. V\u00e1lido os dias e hor\u00e1rios, de acordo com a op\u00e7\u00e3o escolhida. Inclui feriados e datas comemorativas e para todos os cinemas das redes UCI, UCI Kinoplex e UCI Orien do Brasil. <\/b>\r\n\r\n<b>Obs: cupom n\u00e3o reembols\u00e1vel.<\/b>\r\n\r\n<b>Troca do ingresso: \u00c9 OBRIGAT\u00d3RIA a troca pelo site <a style=\"font-weight: bold\" href=\"https:\/\/www.ingresso.com\/fortaleza\/home\/\" target=\"_blank\">ingresso.com<\/a>. N\u00e3o ser\u00e1 aceito fazer a troca do cupom pelo ingresso diretamente na bilheteria do cinema, apenas pelo site.<\/b>\r\n\r\n<b>Para fazer a troca:<\/b> \r\n\r\n<b>1.<\/b> Basta acessar <a style=\"font-weight: bold\" href=\"https:\/\/www.ingresso.com\/fortaleza\/home\/\" target=\"_blank\">ingresso.com<\/a> e escolher normalmente o filme. <b>2.<\/b> Ap\u00f3s a escolha de assentos, na parte de <b>\u201cTipo de Ingressos\u201d<\/b>, selecione a op\u00e7\u00e3o <b>\u201cCinematicket Eletr\u00f4nico\u201d<\/b>. <b>3.<\/b> Em seguida, no campo <b>\u201cC\u00f3digo Venda Empresa\u201d<\/b>, que abrir\u00e1 ap\u00f3s a escolha de quantidade de ingressos, insira o c\u00f3digo do cupom adquirido. <b>4.<\/b> Feito isso \u00e9 s\u00f3 finalizar a compra normalmente. Nenhum valor ser\u00e1 cobrado.\r\n\r\nO uso desse cupom est\u00e1 sujeito \u00e0 disponibilidade de assentos e poss\u00edveis restri\u00e7\u00f5es de dia e hor\u00e1rio de sess\u00e3o impostas pelas distribuidoras dos filmes.\r\n\r\n<b>Restri\u00e7\u00f5es:<\/b> somente 1 troca de ingresso por cupom; N\u00e3o \u00e9 v\u00e1lido para filmes 3D, conte\u00fados alternativos e salas UCI XPlus, IMAX, de Lux, 4DX e poltronas UCI SuperSeat.","price":"14.9","market_price":"23","image":{"url":"https:\/\/static.baratocoletivo.com.br\/2019\/0408\/10019533\/g_uci-cinemas9998d40658.jpg"}},{"id":"23038","title":"1 di\u00e1ria (s\u00e1bado a domingo) para 2 pessoas por apenas R$209,99","description":"A oferta inclui: Di\u00e1rias para 2 adultos no Hotel Cantinho das Flores a partir de R$209,99. <b>Escolha a op\u00e7\u00e3o de sua prefer\u00eancia no ato da compra.<\/b>\r\n\r\n<b>Op\u00e7\u00e3o  1:<\/b> Check-in\/ check-out 12h.\r\n\r\n<b>Op\u00e7\u00e3o 3:<\/b> Check-in a partir das 19h.\r\n\r\n<b>Agendamento:<\/b> ap\u00f3s a compra, agende imediatamente atrav\u00e9s do telefone: (85) 3023.6517 \/ (85) 99733.5932 \/ (85) 98729.3499 \/ (85) 98724.0638 ou email: chalesreserva@gmail.com. Sujeito a disponibilidade. \r\n\r\nDesmarcar com 3 dias de anteced\u00eancia, caso contr\u00e1rio, o cupom ser\u00e1 dado como utilizado.\r\n\r\n<b>O hotel n\u00e3o ir\u00e1 disponibilizar caf\u00e9 da manh\u00e3, servi\u00e7o de quarto ou qualquer outro servi\u00e7o relacionado a hotelaria. N\u00e3o teremos wi-fi nesse per\u00edodo.<\/b>\r\n\r\nMenor de idade somente acompanhado dos pais (com documenta\u00e7\u00e3o comprobat\u00f3ria).\r\n\r\nN\u00e3o \u00e9 permitida a entrada de animais e som de carro.\r\n\r\nN\u00e3o inclui despesas com frigobar, caf\u00e9 da manh\u00e3 e taxas de servi\u00e7o.\r\n\r\n\r\n\r\n","price":"209.99","market_price":"399.99","image":{"url":"https:\/\/static.baratocoletivo.com.br\/2019\/0405\/10019524\/g_hotel-cantinho-das-flores286e78fdc6.jpg"}},{"id":"23035","title":"1 The Black de R$13 por apenas R$9,90","description":"A oferta inclui: The Black, Combo Black ou Trio Black China na Black Box Burgers a partir de R$9,90.<b> Escolha a op\u00e7\u00e3o de sua prefer\u00eancia no ato da compra.<\/b>\r\n\r\n<b>The Black:<\/b> p\u00e3o artesanal da V\u00f3 Ditosa, burger de 140g , queijo, tomate, cebola roxa, molho especial.\r\n\r\n<b>Combo Black:<\/b> p\u00e3o artesanal da V\u00f3 Ditosa, cebola caramelizada ou barbecue, burger de 140g , queijo, bacon, tomate, cebola roxa, picles artesanal ou mostarda + molho especial + refrigerante ou suco.\r\n\r\n<b>Trio Black China:<\/b> p\u00e3o artesanal da V\u00f3 Ditosa, cebola caramelizada ou barbecue, burger de 140g , queijo, bacon, tomate, cebola roxa, picles artesanal ou mostarda + molho especial + refrigerante ou suco + acompanhamento.\r\n\r\n<b>Burgers:<\/b> bovino, toscana e frango.\r\n\r\n<b>Molhos:<\/b> ervas, picante, bacon, alho e calabresa, Cream Cheese\r\n\r\n<b>Acompanhamentos:<\/b> Batata Frita, Onion Rings ou P\u00e3o de Alho todos feitos na Air fryer\r\n\r\n<b>Validade do cupom:<\/b> 31\/07\/2019, de quarta a s\u00e1bado das 19:15h \u00e0s 00h (exceto feriados e datas comemorativas).\r\n\r\n<b>Delivery:<\/b> Consultar localidades e taxas direto com o estabelecimento.\r\n","price":"9.9","market_price":"13","image":{"url":"https:\/\/static.baratocoletivo.com.br\/2019\/0406\/23035\/g_black-box-burgers425c85fa0f.jpg"}},{"id":"23034","title":"Perfeito para sua festa! Kit com 10 necessaires personalizadas de R$20,99 por apenas R$13,99 na MG Brindes","description":"Necessaires personalizadas tamanho 20cm (comprimento) x 10cm (largura) x 6cm (altura).\r\n\r\nApenas uma arte a cada 10 necessaire, para mais artes ser\u00e1 cobrada uma taxa extra.\r\n\r\nA cria\u00e7\u00e3o da arte n\u00e3o \u00e9 cobrada.\r\n\r\n<b>Validade do cupom:<\/b> 20\/07\/2019, de segunda a sexta das 12h \u00e0s 18h (exceto feriados e datas comemorativas).<\/b>\r\n\r\n<b>Agendamento:<\/b> necess\u00e1rio agendar com no minimo 2 semanas de anteced\u00eancia atrav\u00e9s dos telefones: (85) 99970-0057 \/ 99639-4456 (whatsapp). Sujeito a disponibilidade. \r\n\r\nDesmarcar com 10 dias de anteced\u00eancia, caso contr\u00e1rio, o cupom ser\u00e1 dado como utilizado.\r\n\r\n<b>Obs:<\/b> a personaliza\u00e7\u00e3o do item escolhido ser\u00e1 combinada diretamente com a MG Brindes. Para isso, \u00e9 necess\u00e1rio enviar a foto para personaliza\u00e7\u00e3o no email:hansley.mgbrindes@gmail.com ou pelo whatsapp.\r\n\r\nV\u00e1lido para retirada no local ou entrega com o pre\u00e7o a combinar.\r\n\r\n","price":"13.99","market_price":"20.99","image":{"url":"https:\/\/static.baratocoletivo.com.br\/2019\/0405\/10019520\/g_mg-brindes-personalizados7ee9e0c53b.jpg"}},{"id":"23011","title":"Voc\u00ea merece se divertir! Ingresso Inteira para o \"Open Night Comedy - Noite de novos Comediantes\" de R$40 por R$13,99 no Teatro do Humor & Cultura Cearense.","description":"A oferta inclui: Ingresso Inteira para o \"Open Night Comedy - Noite de novos Comediantes\" de R$40 por R$13,99 no Teatro do Humor & Cultura Cearense.\r\n\r\n<b>Elenco:<\/b> Pedro Augusto, Igor Pivomar, Paulinho Enderson, Junior Silva, Ra\u00ed Linhares, Lucas Ferreira, C\u00edcero Reis, Luan Rolim, Luan Silva, John Triloko e a participa\u00e7\u00e3o de <b>Bruninho Pacheco.<\/b> \r\n\r\n<b>O cupom \u00e9 v\u00e1lido exclusivamente dia 14\/04 \u00e0s 18h30.<\/b> \r\n\r\n<b>Os ingressos devem ser trocados na bilheteria do Teatro do Humor Cearense at\u00e9 1h antes do espet\u00e1culo, caso contr\u00e1rio, o cupom ser\u00e1 invalidado.<\/b>\r\n\r\n<b>Informa\u00e7\u00f5es:<\/b> (85) 98811.2466\r\n\r\nClassifica\u00e7\u00e3o: 14 anos.","price":"13.99","market_price":"40","image":{"url":"https:\/\/static.baratocoletivo.com.br\/2019\/0405\/10019516\/g_teatro-do-humor-e-cultura-cearensed11c3c2c35.jpg"}},{"id":"23001","title":"2 di\u00e1rias (sexta \u00e0 domingo) em Su\u00edte Superior para 2 adultos + caf\u00e9 da manh\u00e3 de R$880 por apenas R$699","description":"A oferta inclui: Di\u00e1rias (sexta \u00e0 domingo) com 5 op\u00e7\u00f5es de Su\u00edtes para 2 adultos + caf\u00e9 da manh\u00e3 na Pousada DePraiaBrasil a partir de R$699. <b> Escolha a op\u00e7\u00e3o de sua prefer\u00eancia no ato da compra.<\/b>\r\n\r\n<b>Check In: 14h e Check out 11h.<\/b>\r\n\r\n<b>Validade do cupom:<\/b> 30\/06\/2019, de acordo com a op\u00e7\u00e3o escolhida (exceto feriados e datas comemorativas).\r\n\r\n<b>Agendamento:<\/b> ap\u00f3s a compra, agende imediatamente atrav\u00e9s do telefone: (88) 3636-3028 \/ (88) 9.8148-4283 (whatsapp) e atrav\u00e9s do e\u00ad-mail: reservations@depraiabrasil.com. Sujeito a disponibilidade. \r\n\r\nDesmarcar com no m\u00ednimo 7 dias de anteced\u00eancia, caso contr\u00e1rio o cupom ser\u00e1 dado como utilizado. Ser\u00e1 permitido apenas 1 reagendamento.\r\n\r\nNo per\u00edodo de 22\/04 a 22\/05 a pousada estar\u00e1 fechada para reforma.\r\n\r\nMesmo que o h\u00f3spede permane\u00e7a no Hotel por tempo inferior ao estipulado no cupom, a compra ser\u00e1 dada como utilizada.\r\n\r\nCrian\u00e7a de at\u00e9 8 anos ter\u00e1 direito a cortesia.\r\n\r\nN\u00e3o aceita animais de estima\u00e7\u00e3o.\r\n\r\n N\u00e3o \u00e9 permitido a entrada de bebidas no restaurante e na \u00e1rea comum do hotel e ser\u00e1 cobrado uma taxa rolha para vinhos e bebidas quentes.","price":"699","market_price":"880","image":{"url":"https:\/\/static.baratocoletivo.com.br\/2019\/0405\/10019501\/g_pousada-depraiabrasild766e95b4c.jpg"}},{"id":"22999","title":"Avalia\u00e7\u00e3o Corporal + 25 Procedimentos em 5 visitas (5 Corrente Russa + 5 Massagem Modeladora + 5 Massagem Turbinada + 5 Vacuoterapia + 5 Manta T\u00e9rmica com Infravermelho em 1 regi\u00e3o opcional (abd\u00f4men completo OU coxas e gl\u00fateos) de R$300 por apenas R$99,90","description":"A oferta inclui: Avalia\u00e7\u00e3o Corporal + 25 Procedimentos em 5 visitas (5 Corrente Russa + 5 Massagem Modeladora + 5 Massagem Turbinada + 5 Vacuoterapia + 5 Manta T\u00e9rmica) a partir de R$99,90 no La Femin\u00edssima. <b>Escolha a op\u00e7\u00e3o de sua prefer\u00eancia no ato da compra.<\/b>\r\n\r\n<b>Validade do cupom:<\/b> 27\/06\/2019, de ter\u00e7a a sexta das 9h \u00e0s 11h e das 16h \u00e0s 19h e s\u00e1bado das 9h \u00e0s 11h (exceto feriados e datas comemorativas).<\/b>\r\n\r\n<b>Agendamento:<\/b> ap\u00f3s a compra, agende imediatamente atrav\u00e9s  dos telefones: (85) 98841-3389 ou (85) 99617-6102. Sujeito a disponibilidade. \r\n\r\nReagendar, se necess\u00e1rio, com no m\u00ednimo 24h de anteced\u00eancia, caso contr\u00e1rio o cupom ser\u00e1 dado como utilizado.\r\n\r\nV\u00e1lido apenas para mulheres.\r\n\r\nS\u00e3o 60 minutos de tratamentos (por dia).\r\n\r\nNecess\u00e1rio levar biqu\u00edni e toalha.\r\n\r\nAtendimento exclusivo para mulheres.\r\n\r\nContraindicado para gestantes, pacientes com CA, com ferimentos ou que possuam quaisquer implantes met\u00e1licos.\r\n","price":"99.9","market_price":"300","image":{"url":"https:\/\/static.baratocoletivo.com.br\/2019\/0405\/10019490\/g_la-feminissima-8d735bd9ce.jpg"}},{"id":"22998","title":"Perfeito! Limpeza de pele com Peeling Diamantado, Extra\u00e7\u00e3o e M\u00e1scara de ouro (produtos ADCOS) de R$150 por apenas R$39,90","description":"<b>Validade do cupom:<\/b> 27\/06\/2019, de ter\u00e7a a sexta das 9h \u00e0s 11h e das 16h \u00e0s 19h e s\u00e1bado das 9h \u00e0s 11h (exceto feriados e datas comemorativas).\r\n\r\n<b>Agendamento:<\/b> ap\u00f3s a compra, agende imediatamente atrav\u00e9s do telefones: (85) 98841.3389 ou (85) 99617.610. Sujeito a disponibilidade. \r\n\r\nReagendar, se necess\u00e1rio, com no m\u00ednimo 24h de anteced\u00eancia, caso contr\u00e1rio o cupom ser\u00e1 dado como utilizado.\r\n\r\nV\u00e1lido apenas para mulheres.\r\n\r\nS\u00e3o 60 minutos de tratamentos (por dia).","price":"39.9","market_price":"150","image":{"url":"https:\/\/static.baratocoletivo.com.br\/2019\/0404\/10019488\/g_la-feminissima-cc0df4cf02.jpg"}},{"id":"22997","title":"As belezas de Jeri te esperam! 2 di\u00e1rias para 2 adultos + caf\u00e9 da manh\u00e3 de R$340 por apenas R$289 na Pousada Vai D\u00e1 Certo","description":"Check in \u00e0s 14h \/ Check out \u00e0s 12h.\r\n\r\n<b>Validade do cupom:<\/b> 31\/05\/2019, todos os dias, (exceto feriados e datas comemorativas).\r\n\r\n<b>Agendamento:<\/b> ap\u00f3s a compra, agende imediatamente atrav\u00e9s  do e-mail: vaidacertojeri@hotmail.com e telefone (85) 9.9650-0473 (whatsapp). Sujeito a disponibilidade.  \r\n\r\nDesmarcar com 7 dias de anteced\u00eancia, caso contr\u00e1rio, o cupom ser\u00e1 dado como utilizado. Ser\u00e1 permitido apenas uma remarca\u00e7\u00e3o, de acordo com a disponibilidade do hotel.\r\n\r\nPoder\u00e1 ser aplicada uma taxa de servi\u00e7o para essa oferta. Clique em Comprar para consultar o valor. Depois, basta confirmar o pagamento.","price":"289","market_price":"340","image":{"url":"https:\/\/static.baratocoletivo.com.br\/2019\/0404\/10019487\/g_pousada-vai-da-certo89c2e24de2.jpg"}},{"id":"22995","title":"2 di\u00e1rias de segunda a quinta para at\u00e9 6 pessoas de R$500 por apenas R$199","description":"A oferta inclui: 2 di\u00e1rias para at\u00e9 6 pessoas com duas op\u00e7\u00f5es de check-in segunda a quinta ou sexta a domingo no Chal\u00e9s da Marambaia a partir de R$199.<b> Escolha a op\u00e7\u00e3o de sua prefer\u00eancia no ato da compra.<\/b>\r\n\r\nCheck-in \u00e0s 12h e check-out \u00e0s 16h. \r\n\r\n<b>Validade do cupom:<\/b> at\u00e9 28\/06\/2019.<\/b> (exceto feriados e datas comemorativas).\r\n\r\n<b>Agendamento:<\/b> ap\u00f3s a compra, agende imediatamente atrav\u00e9s do telefone: (85) 99784-1711 \/ (85) 98818-7544. Sujeito a disponibilidade.\r\n\r\nProibido qualquer tipo de som alto, sujeito a multa.\r\n\r\nN\u00e3o inclui caf\u00e9 da manh\u00e3.\r\n\r\n\r\n","price":"199","market_price":"500","image":{"url":"https:\/\/static.baratocoletivo.com.br\/2019\/0405\/10019503\/g_chales-marambaia2b4024b376.jpg"}}]